index,word
1,a
2,aa
3,aaa
4,aah
5,aahed
6,aahing
7,aahs
8,aal
9,aalii
10,aaliis
11,aals
12,aam
13,aani
14,aardvark
15,aardvarks
16,aardwolf
17,aardwolves
18,aargh
19,aaron
20,aaronic
21,aaronical
22,aaronite
23,aaronitic
24,aarrgh
25,aarrghh
26,aaru
27,aas
28,aasvogel
29,aasvogels
30,ab
31,aba
32,ababdeh
33,ababua
34,abac
35,abaca
36,abacay
37,abacas
38,abacate
39,abacaxi
40,abaci
41,abacinate
42,abacination
43,abacisci
44,abaciscus
45,abacist
46,aback
47,abacli
48,abacot
49,abacterial
50,abactinal
51,abactinally
52,abaction
53,abactor
54,abaculi
55,abaculus
56,abacus
57,abacuses
58,abada
59,abaddon
60,abadejo
61,abadengo
62,abadia
63,abadite
64,abaff
65,abaft
66,abay
67,abayah
68,abaisance
69,abaised
70,abaiser
71,abaisse
72,abaissed
73,abaka
74,abakas
75,abalation
76,abalienate
77,abalienated
78,abalienating
79,abalienation
80,abalone
81,abalones
82,abama
83,abamp
84,abampere
85,abamperes
86,abamps
87,aband
88,abandon
89,abandonable
90,abandoned
91,abandonedly
92,abandonee
93,abandoner
94,abandoners
95,abandoning
96,abandonment
97,abandonments
98,abandons
99,abandum
100,abanet
101,abanga
102,abanic
103,abannition
104,abantes
105,abapical
106,abaptiston
107,abaptistum
108,abarambo
109,abaris
110,abarthrosis
111,abarticular
112,abarticulation
113,abas
114,abase
115,abased
116,abasedly
117,abasedness
118,abasement
119,abasements
120,abaser
121,abasers
122,abases
123,abasgi
124,abash
125,abashed
126,abashedly
127,abashedness
128,abashes
129,abashing
130,abashless
131,abashlessly
132,abashment
133,abashments
134,abasia
135,abasias
136,abasic
137,abasing
138,abasio
139,abask
140,abassi
141,abassin
142,abastard
143,abastardize
144,abastral
145,abatable
146,abatage
147,abate
148,abated
149,abatement
150,abatements
151,abater
152,abaters
153,abates
154,abatic
155,abating
156,abatis
157,abatised
158,abatises
159,abatjour
160,abatjours
161,abaton
162,abator
163,abators
164,abattage
165,abattis
166,abattised
167,abattises
168,abattoir
169,abattoirs
170,abattu
171,abattue
172,abatua
173,abature
174,abaue
175,abave
176,abaxial
177,abaxile
178,abaze
179,abb
180,abba
181,abbacy
182,abbacies
183,abbacomes
184,abbadide
185,abbaye
186,abbandono
187,abbas
188,abbasi
189,abbasid
190,abbassi
191,abbasside
192,abbate
193,abbatial
194,abbatical
195,abbatie
196,abbe
197,abbey
198,abbeys
199,abbeystead
200,abbeystede
